region,1998,1999,2000,2001,2002,2003,2004,2005,2006,2007,2008,2009,2010,2011,2012,2013,2014,2015,2016,2017,2018,2019,2020,2021
Upplands Vasby,562,557,5795,4851,-269,44,271,318,658,1196,1131,158,1021,399,653,1445,823,15528,1714,1314,453,2062,3563,3740
Vallentuna,68,-118,2985,-291,-1486,-173,1565,1348,4261,770,1138,1003,3063,1053,981,860,414,1572,1550,-10225,1018,1933,4071,6148
osteraker,-491,-248,-568,-114,3285,495,557,1029,1531,1121,-404,840,3091,3196,3545,2717,2249,1823,1546,3349,88,1483,4732,5528
Varmdo,-1273,-657,-436,-231,299,660,-1595,233,-55,1218,1458,2486,1291,995,2056,3121,1219,2434,3742,1470,-99,2092,4155,4912
Jarfalla,-775,256,578,79,-234,1006,624,3105,2067,790,385,608,874,-654,1444,3299,5448,2894,5351,945,2033,4822,4659,750
Ekero,-1280,2360,555,296,-346,-153,-434,377,548,730,846,953,2866,1444,908,1963,1753,1927,2918,746,588,571,3175,3403
Huddinge,-219,10284,-250,8027,-126,1019,-376,987,2329,2769,1805,1242,2500,2476,1710,1791,1776,1312,1169,3204,1647,1710,3707,4735
Botkyrka,530,9146,1269,8642,4216,734,30,675,2334,783,881,1181,2435,1759,1789,2213,425,305,3101,2842,567,863,2761,4924
Salem,477,9716,1694,404,256,332,90,954,1322,263,1065,777,1837,1395,1610,1677,2425,1681,1228,2766,1188,3171,2977,3058
Haninge,1875,2704,2227,627,301,59,141,1251,1336,1430,1470,1235,1852,585,910,1054,906,927,1103,1402,1008,461,2508,6515
Tyreso,480,324,200,580,348,1286,358,451,1223,1231,920,1079,1479,2188,2469,912,126,320,574,1787,-509,2049,3984,4346
Upplands-Bro,534,697,2206,218,425,-101,955,6148,1439,1862,383,440,1104,1242,1749,1316,-77,115,1253,1598,3744,1850,3082,4142
Nykvarn,,1676,7353,2328,678,317,14962,2016,3670,1387,101,207,1546,7651,2839,2774,6682,2882,3899,1990,1057,932,2122,1801
Taby,9027,3990,36,2292,-2429,500,5527,1859,1913,2847,337,2533,1713,919,1801,1000,963,2696,2000,2119,-11204,4504,9408,10289
Danderyd,751,-86,171,258,-3349,-65,2009,953,2215,1133,1318,51,479,-1534,1402,464,39,1160,4829,-496,-2363,-2427,5985,8746
Sollentuna,678,863,1610,5315,-1986,13107,2736,3421,4006,1060,3084,3188,1418,2579,1237,1125,971,1386,2218,2880,3704,754,1742,7000
Stockholm,-918,-417,-4,431,2196,103,-372,-212,1247,-64,710,145,1119,1020,3447,3837,3783,2083,4962,2486,3301,2800,5077,2161
Sodertalje,-391,-544,8275,727,-467,128,3237,1557,1917,-360,-367,-259,1229,674,285,1540,1261,1638,4395,4462,2416,656,2659,4490
Nacka,185,869,502,313,-915,-552,-736,1464,1767,1466,2370,1778,1392,-590,1320,889,4368,932,1762,6883,867,4400,6380,4654
Sundbyberg,-548,-603,183,2782,-1194,-1797,16688,5795,1047,3872,1186,3028,3850,4233,-107,717,37,2925,1336,4779,2520,1454,3450,1086
Solna,-528,202,3365,19478,-1364,44,17738,1531,4202,2249,-2471,1123,1942,1134,73,2368,-17,914,-1189,-4658,-3377,5498,10506,16879
Lidingo,-556,15227,421,-405,-2223,1094,333,3526,3021,2602,575,1133,2966,2717,1945,1314,119,1241,2835,3091,713,35450,1766,6847
Vaxholm,448,5347,763,-582,-3158,36,-2342,6,1046,1787,192,882,964,1072,960,1825,4354,5900,2770,2306,1215,1430,2804,12166
Norrtalje,-887,134,25,116,6015,63,-604,20,2192,1277,1063,1726,3383,1667,1535,2084,549,125,1917,523,940,584,2649,5801
Sigtuna,-518,-1574,10453,432,39,336,723,1795,711,902,154,1402,1367,727,4143,81,-248,-183,32,34,348,848,3640,7665
Nynashamn,657,6206,192,-520,-398,534,563,-44,572,1616,1692,360,1513,-621,-365,837,975,3667,845,457,828,451,3359,3629
Haabo,-1659,-2300,-2559,736,944,205,985,437,1804,1405,656,1052,925,1507,1319,2174,844,2411,3612,6531,2039,1224,3441,6838
Alvkarleby,-36,-367,-3660,624,-326,-888,177,1512,884,1112,1088,516,1578,-177,558,405,-1133,1818,3243,2288,236,-1050,1128,3046
Knivsta,,,,,,-244,-343,347,1379,9361,2068,1818,925,971,162,453,116,317,1555,1353,-979,950,2023,2773
Heby,-615,-1117,1022,549,-359,-974,-675,-1007,38,987,631,-323,328,209,1270,1083,546,739,1372,1427,-872,47,1625,3119
Tierp,119,-280,-140,-411,584,690,-1168,-276,775,21,-480,150,492,-873,169,38,403,674,2063,191,-1439,42,-17,3488
Uppsala,-2189,-370,12832,-3426,-570,-953,663,1248,1848,721,714,1038,844,462,99,4478,-797,265,1774,2640,1904,2058,4188,4838
Enkoping,-121,31,200,953,1108,-130,72,803,769,313,985,993,452,802,1151,529,-279,873,1129,1667,1111,1096,3146,2964
osthammar,2877,-812,-489,130,645,-117,318,2034,1354,873,1324,806,618,22,385,2098,1958,930,3255,1071,49,504,1465,3099
Vingaker,-1362,-1676,-4315,187,1084,372,-798,230,798,1212,-563,2243,1949,783,1424,327,1401,1360,3063,-217,-4644,-1301,1405,2722
Gnesta,-2458,2716,477,482,-971,662,673,626,612,-997,-49,1475,2873,851,694,141,281,980,1510,1177,608,1921,734,2871
Nykoping,-246,-582,160,86,-939,-473,129,1987,406,1248,1700,1339,677,-773,868,626,439,159,621,651,-247,326,895,2407
Oxelosund,-402,-1528,1593,1177,21,588,-199,167,499,1049,-1064,533,1357,-773,1001,753,817,559,2358,3501,358,203,3645,3475
Flen,10516,-1614,787,744,-732,-1078,-645,1626,1317,-79,34,-240,907,-287,695,-873,315,-18243,5053,1381,636,843,1050,1712
Katrineholm,-356,-1069,111,8161,-9,-1555,-664,943,784,206,598,720,509,199,1041,-11826,87,888,1152,961,50,1472,2588,2627
Eskilstuna,-978,-1827,1019,304,-1,-146,124,403,915,470,485,1257,2268,1801,2121,1739,62,941,2695,3126,1162,1648,2690,3622
Strangnas,-323,79,864,728,-216,-608,2217,590,514,403,-693,565,1176,1661,1044,350,-214,1066,2013,1966,1821,2424,4160,4967
Trosa,-1231,-32,-167,339,-131,-122,2073,181,817,408,1244,888,746,1241,573,1432,716,1346,1020,2606,2594,2332,2932,
odeshog,1046,-49,-287,37,595,-1389,44,1359,549,-391,-228,372,966,1415,2126,599,740,948,1228,3380,1649,788,4015,5661
Ydre,67,-49,241,292,274,952,691,152,117,56,-1030,-2102,-540,-1108,-443,-1929,469,978,1488,1029,661,532,1813,3146
Kinda,749,57,-111,382,358,-671,-1235,329,2115,1468,428,883,1147,573,2291,501,252,2006,2464,1355,468,-1118,2209,5359
Boxholm,460,27,1989,1021,869,1155,106,499,281,22,-843,-318,1711,749,140,203,1159,2445,1563,838,101,-2613,2694,303
Atvidaberg,658,-2221,-179,287,-136,-554,-2033,-125,900,-9119,2312,2545,1901,1174,415,1964,473,1982,3459,2129,1581,1066,3644,5023
Finspang,-397,-380,-289,1085,291,162,-60,914,1706,637,-1029,141,1346,-144,1102,1524,83,192,3525,1061,1033,595,1556,2788
Valdemarsvik,-1451,-801,-699,656,148,-1,-5347,564,180,219,-653,200,-184,1005,1680,-124,-358,2172,4135,1100,-1285,-2369,2157,3467
Linkoping,431,259,552,787,-10,33,-300,827,27850,10993,858,2555,1599,34,2661,3823,1232,707,33,1264,1308,-99,3107,5762
Norrkoping,-56,9415,11105,294,-216,7,143,775,2741,12454,578,2154,1376,1946,1062,1017,214,1616,1429,2795,3373,2630,4844,6974
Soderkoping,50,131,510,841,124,-687,-1135,744,1570,-9062,1637,1246,2309,1883,924,2279,467,683,924,608,-23,-490,1796,578
Motala,1587,-464,684,394,-33,-1060,17,1063,1528,933,800,722,1035,1315,1834,1465,-216,108,1417,1434,-462,385,1485,1412
Vadstena,196,-693,301,725,191,238,-598,286,1152,459,1672,1281,609,699,2521,1985,569,831,2147,2051,1231,28925,2717,1635
Mjolby,-315,-369,-29,104,128,563,-727,539,1374,685,389,513,606,1321,1347,-325,1478,1779,3238,2571,418,226,2592,4120
Aneby,-2243,-1602,-848,-3238,132,119,186,85,913,504,1052,535,536,312,1900,2437,1344,1320,3902,631,188,-195,1489,2499
Gnosjo,1358,380,974,1055,778,497,32,-652,673,-209,-440,1236,1526,1370,193,760,-568,-366,1530,2079,-395,-1983,1211,3583
Mullsjo,-1118,-6762,-94,-1768,494,720,58,-199,-470,-168,10,1169,1364,1384,1054,668,1272,522,474,-2344,-1155,-839,2831,2517
Habo,-1236,305,550,88,-989,-75,1287,1544,1043,646,422,1647,1638,197,156,1549,212,1133,1892,2100,1896,2181,4026,7495
Gislaved,-195,105,1846,1024,499,-286,292,554,1349,500,680,1341,865,1106,412,1120,370,851,2051,1204,163,406,4484,3966
Vaggeryd,607,189,4133,1505,1579,60,-350,868,1050,1326,462,794,1551,69,1340,531,-523,368,3028,645,1828,1137,3457,4326
Jonkoping,-3674,-816,782,469,455,44,1073,1241,1782,1200,1307,2213,1075,792,1428,1696,395,993,1982,1897,1971,1968,2359,4553
Nassjo,-239,-1162,72,5454,339,111,4,422,395,529,411,1214,690,568,1570,163,-346,854,1409,230,-2062,67,1934,1817
Varnamo,565,447,1451,836,1138,-174,162,1737,1930,1104,1045,1033,2031,1835,587,1447,207,845,2948,2114,445,231,2446,3174
Savsjo,-1442,-3789,-800,1627,-101,435,-410,1290,630,4,-110,1129,1558,930,771,2493,1026,808,2669,3768,2553,1486,2824,4105
Vetlanda,-482,-232,341,351,3526,170,-1301,999,913,-229,56,958,2364,2024,2054,951,570,655,704,634,-944,1065,4101,5171
Eksjo,-605,-2076,305,281,1340,275,99,414,1271,805,471,1279,755,423,421,1125,1080,1205,2281,-1491,-554,1306,2691,4003
Tranas,-556,-1325,404,-75,8205,367,-1,836,1836,977,911,1328,2112,995,996,1934,1618,1572,945,40,-488,-1748,2368,2406
Uppvidinge,3552,-527,-882,-849,-1287,-532,-855,871,1272,1766,1028,525,649,1568,2005,1191,-55,542,954,-382,-2698,-1969,3762,2002
Lessebo,-227,837,-2698,32,-1436,1059,417,-2784,144,248,-1906,1152,830,-1101,1609,-5583,2679,2861,5851,4885,-1188,1014,2405,4638
Tingsryd,-757,-2000,400,245,57,-543,-503,513,1006,839,58,1066,1504,551,1027,502,316,-479,2941,1926,1389,-313,3451,4837
Alvesta,439,-961,-452,-457,425,125,-1012,956,768,1154,-788,1664,3343,767,4318,1078,83,101,3078,2644,1263,2225,1936,5383
Almhult,-206,-1102,-314,78,1787,-2090,-39,837,679,176,-1,689,624,-172,437,507,436,559,810,1848,3265,571,579,1928
Markaryd,919,-18,2197,-802,-1016,2712,1697,2096,3629,738,969,1657,363,861,390,1140,143,736,586,853,2996,1550,1243,4146
Vaxjo,-50,-195,290,194,165,-702,-1058,463,2041,1717,1031,1049,1846,734,617,790,482,934,1555,1742,1169,18,1842,2434
Ljungby,497,3,477,12083,8,918,381,861,2150,712,817,1509,1868,512,1380,2191,134,239,1040,3071,-80,3415,3469,6534
Hogsby,-1482,118,-712,79,-4379,-1671,76,207,3436,-468,-1690,2502,2825,1077,1241,2259,2281,1931,2452,3480,2154,877,2709,4510
Torsas,78,-606,126,100,-1497,-1032,-437,1277,1823,385,111,212,750,688,893,415,871,1271,3833,1137,118,779,622,2412
Morbylanga,-456,-39,375,31,-476,-99,-156,1253,594,477,-393,924,746,190,849,40,419,1184,615,1171,3103,2062,1981,3961
Hultsfred,-772,200,461,405,-587,-160,-730,1629,1992,629,1724,999,475,272,1564,2017,-4361,1242,433,1153,1926,2246,3569,6357
Monsteras,50,-270,633,894,241,543,703,2083,2914,2566,1579,2724,3378,3255,2522,1920,1220,2341,4572,1355,-702,-180,1286,4906
Emmaboda,-827,304,1412,1007,403,593,70,481,1173,-259,925,545,578,694,930,-111,-950,114,3603,147,140,1046,3274,2171
Kalmar,-522,3358,-206,-369,416,353,-144,572,666,2776,564,1329,1204,-1385,1975,896,181,951,2505,2015,1506,1546,1716,5418
Nybro,-1335,-1094,206,96,-1759,2756,415,623,1114,187,-648,1683,702,977,740,531,-1057,1085,1194,3708,1145,-1055,81,2612
Oskarshamn,-39,32358,-2182,25585,-7071,-650,769,1701,2943,-836,-13704,2864,1377,-1817,730,-11423,581,1102,3101,5042,1222,5788,1465,9057
Vastervik,-321,-1373,747,16,-272,-126,-173,273,921,333,51,-296,114,-1645,1893,3036,1777,1396,2036,2083,350,922,706,2280
Vimmerby,156,652,8818,1079,-330,426,393,1404,1307,-161,13,-249,-208,1699,2706,750,-1493,1172,1212,510,1744,1423,1852,4096
Borgholm,-992,-1621,-155,74,2423,179,587,206,871,672,86,528,277,60,-810,1113,1041,2726,6133,1121,1620,-1108,4102,5706
Gotland,-591,-590,-375,-868,513,25,-218,913,921,704,293,372,227,-138,416,2007,137,-715,917,1674,2032,1225,1671,2296
Olofstrom,-1281,-8015,-1681,10946,5247,1620,-1407,851,1061,220,-769,1887,982,438,1034,690,-53,1208,2488,361,-857,1705,983,3124
Karlskrona,608,-426,466,803,386,172,-230,127,493,192,141,-163,782,218,39,336,-147,985,1683,1393,349,850,2121,2601
Ronneby,-1835,-675,-120,176,354,411,262,125,682,-121,-895,778,853,276,1340,494,154,595,906,955,430,383,2643,2252
Karlshamn,-425,-742,-530,-30,-561,126,50,255,1264,1130,1175,1451,2083,1185,1400,1525,-439,63,494,824,-3390,-216,143,2476
Solvesborg,8850,-392,-73,23,-214,2830,88,433,235,455,117,257,703,240,859,1409,-904,61,935,1956,1150,1294,2488,1476
Svalov,762,-156,167,107,271,122,-44,136,522,212,-362,3,244,1110,1036,1008,-389,60,1223,45,397,1609,3356,1617
Staffanstorp,1102,391,958,969,304,2745,866,5504,2552,820,903,1673,1165,2635,1213,2243,-859,-448,797,2636,2571,2830,2320,6509
Burlov,215,1402,478,2580,908,2725,1346,2462,12561,5833,159,2409,2331,734,1284,-56,5900,553,3403,5706,4064,-843,2078,4206
Vellinge,238,18,612,-875,-3214,2023,2644,2346,3287,1256,-1489,2089,2,795,385,192,233,1170,2394,1486,591,2990,4062,7658
ostra Goinge,387,153,561,365,489,211,-28,11,1950,551,1624,1644,1424,807,1539,1421,1413,3084,1853,1412,1435,1190,1801,2167
orkelljunga,1260,481,2036,1431,1200,120,234,810,1757,1177,-2304,3550,2807,-1230,168,-420,1129,2511,2137,1294,917,2180,4126,4747
Bjuv,464,918,1292,789,455,-576,111,793,1307,390,556,414,-362,1023,618,821,1161,504,194,871,392,290,1522,5436
Kavlinge,-124,-139,760,588,456,515,477,709,1595,1924,907,2289,2358,1793,1536,2117,1580,1545,1300,514,2719,-5915,-2131,5473
Lomma,743,473,1477,-142,-1014,519,1270,3950,3957,1561,5470,720,1992,814,1976,2705,179,1379,2710,3075,2877,4221,3685,2669
Svedala,22,-155,684,-288,-998,1167,677,584,1820,1686,659,446,1558,1618,763,158,-20,1031,1824,1420,864,1150,-2767,5395
Skurup,689,646,1107,1113,1290,90,56,755,1062,231,-27,851,1846,1177,-451,2324,-464,671,920,1574,918,-341,3484,3297
Sjobo,190,-88,697,673,982,745,337,861,1075,506,903,1057,7491,600,915,1459,1275,1565,1225,1252,-144,1403,1954,4207
Horby,-277,-556,23,338,-1919,-504,-644,441,817,912,255,728,-31,-131,1080,820,249,449,1136,1562,426,-307,-2268,4850
Hoor,123,135,1455,809,-209,114,-20,560,683,800,-678,7699,5413,400,604,1333,25,358,273,-1092,1236,3295,3634,6420
Tomelilla,1018,779,471,647,-135,-1035,-988,1194,819,835,687,1558,1796,1495,565,1551,1187,1306,1351,997,345,891,3517,4471
Bromolla,-957,-1229,-217,-405,-167,390,1151,1615,1460,1845,666,807,1453,2156,2223,1466,784,175,963,1333,1045,-218,323,1822
Osby,649,5258,791,767,-290,-1279,886,3099,2770,1124,421,1559,1292,1032,1295,936,-845,-4453,1870,2460,869,2039,2380,2797
Perstorp,-1284,-993,-697,-256,-578,-124,77,772,837,1069,234,630,1396,902,1148,1092,143,1136,1441,1826,1610,-7356,3536,3259
Klippan,-153,-2312,-5173,30,10996,-476,231,661,1133,538,717,1052,1278,142,481,-379,3,517,1008,1605,2426,2099,815,2830
Astorp,494,5323,702,0,-552,1015,-140,1195,2907,-7020,913,1173,1516,572,1649,2482,1148,804,412,-6,1492,2274,2306,4785
Bastad,-235,602,-132,396,237,-296,330,930,1164,401,-662,1261,2479,545,810,1391,727,462,1009,1113,1018,268,3393,6324
Malmo,-118,-1064,476,10453,1471,209,933,1695,2783,1366,1581,2020,1726,1625,626,492,-470,1746,2929,3323,2716,2566,3444,4040
Lund,-205,-100,1956,221,-49,-8,172,2242,1729,-93,462,1001,1907,-159,1039,1910,122,1242,869,1351,392,-166,3357,4698
Landskrona,456,-788,691,26470,-305,-1309,1717,1573,1740,1639,375,1483,-2189,8727,922,1124,660,2003,1602,8436,610,2225,5956,9693
Helsingborg,1379,1458,1392,169,-112,122,851,1440,1675,21124,4184,1639,-726,1244,2733,2803,930,631,1418,1771,2655,1730,4203,5294
Hoganas,-6,-513,572,1360,388,145,32,194,536,2155,1510,2571,2207,372,2501,2285,530,852,567,1044,1583,1189,2058,4831
Eslov,495,1125,382,874,296,259,540,957,1451,728,35,524,1937,905,3580,1990,661,1601,1449,2145,1124,1325,2190,4669
Ystad,606,499,597,686,451,-369,9564,1791,2289,1155,1631,1366,2162,508,1556,1249,670,444,1141,1286,-43,548,2093,2502
Trelleborg,941,1418,1257,1105,498,574,547,790,1708,1012,813,629,1013,1665,1652,762,319,-27,865,1135,6151,1607,8586,5471
Kristianstad,416,663,1072,1095,1141,177,-255,304,13446,661,444,1088,1535,146,686,679,423,127,738,2066,1284,902,2888,5014
Simrishamn,1431,-680,-108,-804,-873,1194,768,1410,1648,2890,971,898,1693,277,556,1203,391,658,2811,2160,390,1455,4257,6220
Angelholm,-410,347,808,737,388,163,-71,657,2010,2179,1165,2077,1399,9495,313,1462,251,389,-6440,1452,1000,1237,3017,4573
Hassleholm,7441,551,545,285,-525,1272,879,1792,1045,793,39,1589,3251,883,1003,622,238,549,1741,1140,805,1540,2565,4239
Hylte,-4701,-949,396,1052,566,-1394,-1766,468,874,302,880,1525,1156,250,270,556,1148,1926,4971,2100,-1354,-574,1283,1487
Halmstad,555,2573,1193,6431,-378,866,1069,3053,4374,3820,820,5452,2416,2514,1291,2647,1324,1082,1226,2271,556,2844,4392,5067
Laholm,-65,399,50,443,-30,-741,-263,529,1660,615,-8,1544,2516,1397,1015,1753,687,542,1240,1169,987,545,2587,1552
Falkenberg,12,-739,-476,980,956,-164,-840,41,1000,1388,793,901,951,1126,2186,1830,989,1498,2266,2086,1324,153,1360,3533
Varberg,587,-563,652,854,1117,412,353,927,1370,1786,1739,813,2610,1560,1919,1850,1616,1115,1451,3000,1815,1788,2345,6200
Kungsbacka,-1515,64,-460,1118,3548,655,1419,1930,2743,1941,1093,1690,2873,1349,1745,2567,1496,580,323,1603,1317,1733,4665,5231
Harryda,-239,273,1014,1734,532,497,522,1470,1772,2219,766,1124,2045,1302,1092,2616,2698,2144,2480,2103,447,2258,5834,6550
Partille,-1186,602,905,276,-800,367,829,1128,1229,698,530,1315,867,844,1002,1003,701,483,1208,5540,646,2583,1752,6567
ockero,-1029,-529,-242,390,-145,270,735,190,1008,800,477,1106,1185,801,807,1082,616,-315,740,445,-405,350,2852,3730
Stenungsund,85,-379,63,-134,160,745,505,971,458,985,360,2330,3251,1228,1487,1564,1223,801,4352,2433,2034,1988,4856,2507
Tjorn,-1950,-2377,-2062,1119,820,-102,-216,527,1511,129,37,903,1244,1770,1152,2194,1621,1214,1205,1646,509,442,3138,5490
Orust,320,-5,-319,-443,31,-394,-962,1010,1295,-464,-1443,2218,2614,2003,548,-123,-1682,-3138,430,2648,3336,1368,3094,4412
Sotenas,177,-460,1286,-1688,-845,143,913,631,1624,1546,406,1022,1184,1941,1699,154,-1610,1477,3268,1119,1102,708,1993,1754
Munkedal,-685,-6113,820,426,1399,476,481,1090,1910,1053,90,736,1867,701,1097,1046,-188,17,3823,4870,1186,2753,2740,3290
Tanum,-125,-2891,439,298,379,493,1276,1943,1827,1373,989,1326,1327,812,3057,735,740,482,1010,1187,539,319,2501,5656
Dals-Ed,-632,-1438,-165,-887,-1308,-1768,-1098,783,1209,904,836,1284,582,1715,750,1567,806,142,1828,3909,-767,-2331,3317,3718
Fargelanda,-1007,-1007,303,-208,297,-315,-621,1112,395,806,251,-2682,-11783,1925,2037,3454,1903,19,1838,1964,735,-4742,-1593,496
Ale,-658,-294,1951,1061,450,587,24,841,1679,935,1369,1284,2334,1727,1436,1335,1259,1426,1027,1289,1298,3026,3941,3891
Lerum,-149,-442,335,1429,766,568,1707,1481,1822,1026,1033,1199,503,-244,184,1497,1601,1012,1178,697,983,1262,2410,6955
Vargarda,-13,261,394,603,717,248,410,342,137,104,-284,1040,854,502,858,1422,569,951,986,2012,826,13,1973,2459
Bollebygd,-120,-72,-978,430,499,-608,-848,1217,1675,1665,738,238,716,185,377,1030,815,2421,4132,3593,2862,232,2092,5855
Grastorp,309,-612,1053,535,71,-1234,-828,1888,1574,1016,1003,1053,479,1309,721,1147,1203,2338,1127,2281,1067,2115,4771,3426
Essunga,71,631,-25,941,46,125,1021,1445,1558,448,211,44,942,870,1069,1277,-468,1184,1721,1822,382,341,766,1790
Karlsborg,-1478,-3382,-518,-354,529,990,1224,371,1097,2684,1768,1064,521,703,1178,1018,2123,1466,2744,3039,1736,1289,2138,3501
Gullspang,-1396,11,-220,87,-1632,-1268,-922,496,1906,1159,-879,1068,1197,2293,1983,2446,1322,1320,1347,1754,-797,-2926,2375,3988
Tranemo,304,255,871,844,673,810,321,1425,758,1238,556,705,54,386,410,210,152,1196,1041,1771,352,525,1395,2824
Bengtsfors,-1165,-1944,458,-446,-278,768,532,661,15,35,178,252,59,-835,1728,1656,64,1872,3227,1142,-716,-2067,7974,1816
Mellerud,-502,-1122,-987,-574,98,-730,396,2010,1256,671,1178,795,548,1225,1726,1776,2155,1826,4898,2918,606,587,1760,5147
Lilla Edet,-467,-248,-641,-714,572,-123,-434,26,487,265,-51,338,406,527,166,52,-656,-656,-1086,1988,537,-1122,3024,4941
Mark,613,108,427,400,1419,754,253,313,844,1079,870,13,1047,396,1778,2586,1239,2025,2932,2411,1036,1387,1563,3034
Svenljunga,-955,-939,-173,2895,1267,312,-421,709,156,722,-2466,-98,1188,-1297,-1824,107,601,2359,654,677,1947,1222,3732,3165
Herrljunga,-268,-376,71,408,976,-208,-767,1278,572,18331,-1133,552,834,-599,327,2059,1122,1119,1982,2490,-242,797,2274,2134
Vara,403,415,1613,2121,803,1251,2026,1821,2711,1149,1033,1287,2863,2178,2128,1588,-1767,879,1646,161,422,1009,4242,5648
Gotene,476,102,1606,825,596,200,1155,800,52,46,581,940,164,272,786,1208,203,936,1545,333,2399,1099,2181,5556
Tibro,581,692,779,1153,-987,689,1012,1330,1494,1154,-538,1937,1634,1051,1478,1366,1227,2046,5133,3050,1485,2515,2847,8440
Toreboda,-119,4998,161,414,629,-683,-753,569,183,364,191,581,1090,-410,1921,-303,577,1348,1201,1347,599,-1469,1792,3577
Goteborg,119,-199,865,482,203,689,912,5292,1076,1988,562,1088,446,790,1272,17993,724,1502,1686,3773,3133,2596,4129,4414
Molndal,-505,-419,12880,38,527,205,385,882,1975,960,580,1546,3777,1408,2732,1875,1275,4166,3979,1688,987,4148,5636,8870
Kungalv,172,-253,-52,1307,537,720,-256,1005,2033,588,1326,1138,642,492,2297,1470,181,-410,-423,788,1027,1914,3199,8834
Lysekil,-6023,-1962,-1455,-1338,-388,-567,-802,2139,1258,5489,86,898,-37,1277,243,267,943,2470,1277,554,1356,927,3309,2019
Uddevalla,150,164,-20,240,242,214,742,1166,966,1233,447,-3820,1554,1131,1148,1812,1012,1557,2497,1642,702,170,1253,2026
Stromstad,1519,280,208,75,363,1281,1289,1546,1269,698,1463,1478,917,633,1050,2704,981,1121,2874,2471,2261,5442,3978,6035
Vanersborg,733,632,638,353,171,-171,884,1445,1646,1418,720,1299,1329,953,1055,777,526,1076,1526,1944,134,929,4054,4661
Trollhattan,395,469,661,2458,185,356,128,841,952,1463,968,1105,695,433,1241,766,7,1087,1873,1622,-238,611,4992,4412
Alingsas,-935,-1045,70,584,254,382,7196,1996,2039,1693,720,2683,2431,989,1269,1049,1033,914,48,2547,1050,1846,3559,4180
Boras,1198,319,1352,1424,627,779,1477,1585,1811,1817,830,321,781,998,2196,1781,1465,1474,1076,1782,2834,872,2497,4134
Ulricehamn,773,1136,1960,1647,938,302,-729,710,1638,868,80,135,6435,796,2351,2505,1246,2061,2437,3110,1380,2245,2406,4152
Amal,-603,2,-202,264,52,76,81,68,288,22,-238,-556,873,460,1754,-1383,-106,2814,3197,1656,-171,102,943,2282
Mariestad,-1472,-597,534,-161,-237,10,-685,246,470,-201,273,796,375,631,1517,2369,-173,284,437,703,1070,742,1747,3907
Lidkoping,1492,1083,2274,-975,-8741,3485,1524,3499,4976,932,-7042,4289,4379,-418,560,103,-4553,564,3122,1347,2289,10708,6288,19399
Skara,1375,529,1155,1552,531,15,327,-1551,2074,-39,802,2034,937,446,146,2190,764,2011,3840,1297,-6,-142,2651,3449
Skovde,337,84,1533,690,-111,-1097,809,1001,1345,558,689,922,16849,841,983,2383,1912,1455,2807,909,294,2671,5305,5930
Hjo,-260,246,1131,565,-381,-497,540,4925,360,823,-384,1726,1124,2548,569,1700,1623,984,1486,1342,1471,927,1255,2760
Tidaholm,1077,912,2263,1835,-3091,864,913,1321,1942,633,568,2041,1496,262,575,-9478,28,2867,5589,1287,1350,313,1473,2916
Falkoping,3898,112,-72,15,446,751,643,1216,2073,763,302,736,295,907,2501,2142,716,927,1830,3036,558,1279,3083,3843
Kil,-2571,-671,512,-161,8,300,-617,872,497,277,128,1003,1927,2154,1983,2334,4921,1452,2967,1324,709,919,1549,3719
Eda,-2677,224,1056,1743,97,-114,359,1779,1068,1505,1622,-277,711,-580,205,-418,-192,-1083,832,-360,-3911,-295,1436,1766
Torsby,-3267,-1405,-144,-372,5,137,643,814,932,1275,1090,948,937,228,478,613,779,1169,1410,1452,1189,-992,1612,3009
Storfors,-513,-1388,-370,713,166,511,-568,-213,1676,531,395,116,11,-2242,-1063,-488,-946,707,382,305,83,-3235,405,2287
Hammaro,118,-35,297,223,49,-19,179,1433,981,553,128,445,488,682,192,676,-385,650,1314,1956,-361,575,990,3377
Munkfors,-2505,-1856,-3061,1756,952,-56,-1528,-1249,1794,391,391,280,1826,69,354,488,-293,2473,6786,4045,1858,1743,3187,3560
Forshaga,-108,535,486,-1629,304,929,860,1040,1325,1130,257,621,1058,1083,1376,1103,148,76,133,1781,56,675,2443,3933
Grums,-13,99,924,816,200,-582,-278,1310,811,730,52,641,1025,-550,216,939,1276,1039,1401,794,1425,13,2308,1911
Arjang,-1517,4637,-657,-358,-1018,149,682,821,336,522,34,-167,708,42,270,773,1549,1653,2919,3424,1555,2218,4788,4753
Sunne,-794,-1501,331,704,530,-219,436,1180,1284,900,361,271,581,782,55,267,-86,720,2146,2265,1094,325,1144,1971
Karlstad,276,-55,381,433,818,408,590,3564,1985,1807,1459,1636,2552,1216,2484,1713,645,-1784,1712,2155,541,1139,3183,4735
Kristinehamn,-2604,-2389,-2965,-2035,1312,870,707,792,929,737,680,591,703,669,1967,1506,1014,1390,2423,2414,1853,-300,2975,1058
Filipstad,-1491,-1486,-2853,-4612,202,-345,524,52,926,331,133,537,1594,-138,-293,513,198,123,397,279,288,-2008,-351,1154
Hagfors,-1356,-1327,-2102,-2014,290,13,-2100,354,1239,-642,-651,589,30,-1349,294,2582,1420,1304,1974,1228,1365,801,2941,4459
Arvika,-224,933,1760,246,361,270,5,1025,1501,851,1032,1948,2457,1687,1569,1815,960,2742,1608,2630,1238,3463,4959,7313
Saffle,488,8072,600,-234,-2328,280,1250,1612,2542,1160,-1830,1726,668,367,1120,2530,477,2104,4082,5759,-920,-120,3194,3132
Lekeberg,892,-643,934,782,-1495,-372,306,283,1649,1539,-229,920,1600,823,2061,707,479,275,1319,5238,2927,4534,4442,4821
Laxa,-210,-976,-11867,-1042,240,-8170,1253,113,112,-592,-155,643,501,-1891,-89,1444,1703,2646,5682,2700,2098,210,4413,3197
Hallsberg,-890,-1246,-1462,78,279,-6689,300,279,181,158,363,527,255,139,-919,760,684,466,1477,1950,1830,2671,3703,3944
Degerfors,-195,-817,-4621,-2045,-1141,-410,-1945,1146,1826,866,-1,-1303,-462,56,656,964,-138,80,579,3,331,-4190,-1150,1705
Hallefors,-270,-702,-3239,412,322,-387,-1562,904,237,35,-2655,172,1726,937,2162,115,279,1925,4542,2203,2597,31,2913,4594
Ljusnarsberg,-1428,-1430,-5784,-3376,1745,1297,132,435,1972,1050,10,143,1502,537,2346,3841,4468,4539,7620,4427,4000,5227,4848,2996
orebro,-57,-192,1251,418,-1189,-116,1144,1484,2282,2058,734,2955,1727,785,3642,2273,1455,3579,4020,3672,1847,2613,3706,6513
Kumla,631,235,573,1258,279,-62,804,1246,1612,-1295,75,577,829,1097,3768,2691,708,1582,1570,3781,3539,3578,4989,5650
Askersund,-266,-1537,-171,-502,1880,330,-363,152,1288,1115,790,1117,1262,-414,525,529,-148,1615,3354,8493,949,-678,751,2069
Karlskoga,1507,195,-2976,12,218,28,-2040,1216,1795,2576,-770,547,16132,1845,2569,1622,1253,2556,3904,4000,2271,1381,4462,5077
Nora,-812,-1521,-9069,-909,169,-1068,-453,1540,877,750,375,444,772,638,1718,1080,363,197,782,1755,645,322,2110,2779
Lindesberg,-365,-1024,-196,-260,-461,-1478,2201,35,103,56,510,27,61,26,1642,3510,1943,3671,2373,1531,2068,1464,2828,1013
Skinnskatteberg,203,-290,-158,14,889,-1113,778,-395,626,-466,1261,1249,2300,1816,3074,803,3481,2508,4921,2131,3060,1242,-359,466
Surahammar,-2741,-4531,-914,225,983,38,-4,737,1549,1461,676,262,632,248,404,2034,1909,3404,4577,2852,856,2135,3622,6798
Kungsor,5604,-2098,-1993,188,137,1163,213,52,4776,-61,214,817,144,334,3231,2239,1474,322,1417,2515,1529,940,872,2526
Hallstahammar,10563,-4528,-1818,-87,1217,589,655,590,795,595,276,1593,1340,1208,2282,1874,2078,3280,353,2861,836,3918,3956,9144
Norberg,-634,-6803,-782,-1452,1525,726,-794,-1069,-301,544,391,497,972,992,-1292,1392,1138,918,5694,4851,-2333,2655,4248,5254
Vasteras,465,4696,697,231,382,435,742,880,2190,1702,1438,1501,1046,1467,1606,1539,181,3064,2678,3448,2263,3433,3490,7620
Sala,-700,-3130,4964,-220,601,284,669,968,1218,1128,690,655,3684,579,1819,2991,52,1762,2343,2871,-1596,-936,1663,1354
Fagersta,-408,-406,1953,3437,3159,1860,1442,1778,2326,3139,2618,1112,2075,1450,3319,1870,166,2138,3217,3121,3403,3854,-619,5850
Koping,5258,-443,-123,747,627,579,424,939,1323,589,507,1057,1358,743,1800,1111,288,1613,359,617,2871,2773,4451,1874
Arboga,7228,166,642,349,273,-518,2058,420,1289,-100,258,193,-285,606,1566,352,119,860,4981,896,-599,1028,3724,2119
Vansbro,-278,-624,-1225,-1571,-1649,-2328,-412,656,-282,-548,-1353,-1827,987,355,1744,2203,1525,1334,999,-529,-1984,-5218,3843,4336
Malung-Salen,-668,-744,-534,-317,-35,128,-204,413,-110,-2223,-957,488,2591,2178,-1807,-8,-3284,-3049,1405,-289,476,3126,4634,6375
Gagnef,-697,-741,786,203,113,459,632,99,408,120,-1488,110,147,7,1823,1701,960,1085,1405,1820,1719,1911,3865,2567
Leksand,-1125,-972,-734,-308,142,421,-42,397,1644,3191,299,1310,2657,503,482,1674,2080,2681,2435,1644,-617,585,1627,2239
Rattvik,-1082,-2403,-826,76,419,-1044,11,2344,2148,2277,774,-679,296,-697,416,841,198,608,1457,426,-1118,-1304,2014,9151
Orsa,-169,-283,57,401,454,-465,-70,917,808,487,-492,1076,791,1087,166,564,34,1871,2297,4065,1837,1310,4463,4745
Alvdalen,2378,-1369,-3482,-1540,1816,2715,794,501,584,-1235,-430,1510,925,-158,1468,1192,1181,239,684,-769,473,1733,1802,4227
Smedjebacken,-2299,-1332,-1075,-4769,-1469,146,-20,188,98,311,-359,85,487,1102,832,873,143,1416,2327,2422,1982,2249,2493,2578
Mora,372,-1551,24,116,-1348,-920,1,2701,1964,1403,2814,1940,3250,1988,1131,1503,195,271,2970,2168,713,474,1374,3154
Falun,-1337,-818,424,129,-983,-778,-844,705,1108,305,319,85,1535,911,762,1025,195,1778,2003,2313,699,899,2335,2681
Borlange,466,-197,375,-162,-1061,286,-24,427,1040,741,86,1016,1066,206,152,702,759,105,4239,672,154,976,926,4900
Sater,-554,-2291,-829,-1139,138,1577,570,394,1869,679,884,1466,1286,1315,368,825,1019,188,2901,748,483,1006,1308,1514
Hedemora,-1495,-1182,-1935,-1860,1392,-713,-639,-544,554,-10,17,418,-4,582,6,1279,-727,-13255,144,45,17,-291,2273,4353
Avesta,-1473,-2241,611,-468,-35,191,237,332,1547,837,-201,1108,1173,1549,618,1352,1463,2134,3188,2175,971,1218,3825,4849
Ludvika,96,-1685,-825,-815,33,-1109,-253,429,90,-23,60,630,888,426,1533,125,-2358,1067,980,1043,841,8293,1379,-3629
Ockelbo,-3536,-13,-1151,-4053,-980,-159,710,2215,554,234,-204,3487,693,1799,2204,1547,1725,744,1636,1191,1535,633,1354,3863
Hofors,237,2915,-6617,-102,702,1835,823,282,788,164,-410,1589,-90,-541,872,1640,173,-1834,-5585,-5404,-2885,31,1585,328
Ovanaker,363,107,282,346,36,53,170,346,1710,-76,-1369,-592,1018,-395,234,838,1079,1337,4863,1145,-1411,2558,1778,1150
Nordanstig,-927,-2665,-1858,677,-480,-738,1381,1215,2542,1396,1072,372,42,186,1150,1911,1315,829,82,-976,588,815,4260,6264
Ljusdal,-118,1547,-888,179,424,-692,-2291,1411,1904,444,-176,715,1817,1551,1276,549,-375,280,215,-708,-1206,-1118,1233,3688
Gavle,38,-523,364,777,12,-55,1110,1144,2759,2010,1418,2020,1454,2920,1578,1262,1984,2161,3707,3030,1259,3084,4963,-5729
Sandviken,-57,-950,945,1564,1476,1296,199,443,422,85,132,474,386,153,575,1084,405,365,1817,570,-106,-662,2762,2075
Soderhamn,-5376,-2567,-726,-803,-91,327,-863,1121,2756,701,-50,389,95,456,513,236,-215,904,2588,-1138,-137,43,772,2052
Bollnas,-885,-994,-281,500,-620,832,865,1268,1429,1109,16,4830,94,-1228,1031,-901,-76,2686,-5467,1755,2027,2001,281,3557
Hudiksvall,320,-615,414,-83,-1042,107,1219,837,1647,408,716,935,588,1195,1547,2257,349,847,4597,1934,531,-4073,3540,6144
Ange,60,-7711,639,2126,239,-344,-1252,-269,1976,674,849,-151,369,209,487,-9716,658,1957,5852,414,171,-213,2360,1872
Timra,-2860,-5463,-1744,96,53,-571,-579,553,821,1171,-1022,873,1628,437,1197,728,839,215,1127,1094,-3272,-881,1046,1170
Harnosand,-1170,-1805,-1519,-5312,601,-5,492,1536,1616,2623,461,-4036,-2173,1026,512,197,243,49,-856,-323,-199,126,2446,192
Sundsvall,-449,686,-149,-270,-678,-1003,483,681,106,328,349,410,656,1400,1135,1040,176,340,1330,1492,-1074,-1051,1495,3639
Kramfors,-604,-776,-5817,-2975,1914,2003,3,2,228,16,172,301,5,88,9,336,816,1200,705,1701,-2822,-314,1010,1928
Solleftea,6373,-2319,-5251,-2052,631,-1068,568,520,994,1005,729,523,864,819,824,64,-601,1621,3278,1309,-703,655,1401,3310
ornskoldsvik,-628,-421,251,266,353,-534,156,1056,1150,685,905,541,1348,-2258,385,1363,1496,663,1207,1405,706,632,2064,3288
Ragunda,-906,-4703,-4934,681,499,-1069,-2969,1823,496,707,-466,-2017,2032,816,3955,2348,-1250,2257,2188,1218,2858,1531,1440,2226
Bracke,448,-195,221,-4135,-390,-1319,58,2970,1839,941,-2103,-1611,15,-1449,-558,-10721,1056,974,1386,113,148,66,-1759,-2806
Krokom,-1960,-2903,-8353,661,1976,2217,349,1252,1612,1353,1032,1489,3234,2312,1502,859,60,736,203,71,67,-858,1097,2317
Stromsund,548,-1984,-2814,829,713,361,399,936,210,-909,1602,1046,2509,2604,2384,5,65,636,2638,1530,85,138,2253,2530
Are,591,-1195,1180,1522,1047,141,863,1463,838,48,1916,2216,3472,1093,2124,1760,10,2689,3810,2000,-484,-459,-704,6154
Berg,-1613,12241,1348,-261,-1773,-650,993,1058,883,-307,-131,483,308,1139,2761,2331,1013,194,3026,489,-1201,-667,1248,76
Harjedalen,233,324,1209,1551,2606,521,590,1911,2942,2535,1091,502,1120,2151,1176,1946,63,690,-1598,604,-710,-3502,2142,2768
ostersund,-2425,-3247,481,1190,193,632,859,1133,2427,1584,1291,1729,2757,1417,2291,1686,1106,1518,1107,1070,798,1895,2691,3724
Nordmaling,-931,-949,-135,-517,239,206,981,-1856,777,274,-567,1326,712,-270,-1017,-86,1166,2078,1701,638,-1450,-1903,929,3085
Bjurholm,-1146,-2696,-3072,198,4039,-4192,-3652,185,372,364,-1093,228,271,981,2079,83,391,2392,9412,-1005,-6077,781,-3241,
Vindeln,-1904,-1253,-1742,-7196,499,1754,958,1287,1075,52,-626,535,921,2104,194,79,-815,213,352,1666,853,-287,2226,4854
Robertsfors,-1226,-400,-84,-786,527,-535,-2112,349,1637,-653,-779,1193,2395,1720,2032,842,1580,1573,1899,1181,62,-76,3542,3539
Norsjo,-2180,-1183,1129,1125,2111,416,1246,1414,1625,1392,613,690,1510,177,791,1317,856,1034,2072,3695,248,-1837,-7757,-6505
Mala,-934,-547,98,-1732,165,-1808,429,130,-484,194,1223,-243,-2604,150,-684,-331,-931,-12139,685,2607,-438,1,5447,3711
Storuman,-2017,-282,23,-118,1960,174,-1287,-2858,2049,707,419,-1203,1646,452,1403,1377,1408,1371,1507,1559,1403,1121,2935,4780
Sorsele,1497,-569,248,-883,765,-1777,-3673,-12986,-3714,497,490,917,1549,-17,-1014,908,-2888,2515,3393,2039,208,1727,3300,6449
Dorotea,44,-9769,328,1154,3182,-915,1405,1533,1569,1085,731,3557,1843,2048,794,1713,1021,-8847,-720,-4797,3389,2904,1879,146
Vannas,-543,-1277,-38,-859,-2759,-58,1760,1885,1476,272,6,511,1713,442,1264,-100,795,646,1406,3069,1821,3175,1666,6649
Vilhelmina,2115,854,143,400,31,874,3117,2252,1233,-136,-2238,564,1346,-409,277,1386,-1041,-2579,4056,821,-5798,-4106,-976,2653
Asele,-783,-2120,653,-1216,696,23,-5666,629,1681,889,2910,3623,948,-1725,-785,1877,-3339,-447,3398,2379,-6313,-5280,3503,4631
Umea,-249,-1689,-162,1098,-94,276,369,574,1237,1396,340,639,1846,0,948,1,-632,-347,692,2072,239,1463,2776,3692
Lycksele,65,71,1609,187,-346,-369,396,1506,1348,1163,-4059,1585,1571,189,-2160,-483,-175,-1802,3364,3373,2862,1113,1198,3328
Skelleftea,-1209,-389,3841,845,633,818,-1762,1146,4035,100801,7542,2416,3967,2872,3721,987,-98,1801,1933,618,266,825,5242,6298
Arvidsjaur,-1058,-1209,-644,-531,-864,-56,-546,-500,1344,496,182,-276,2144,232,-2295,2498,1686,1988,3596,1299,-501,1198,849,2445
Arjeplog,349,-445,-780,-1702,-631,-7009,1415,2568,2887,1695,-2064,1396,-716,-264,-1394,-221,-951,1703,5979,-67,-4004,1001,7478,2760
Jokkmokk,-1670,-2049,224,1039,539,-2880,86,539,810,931,10,1748,2466,232,368,2032,44,-780,1184,1734,-329,-3378,3104,1772
overkalix,1189,-2054,192,539,376,213,-3382,80,-2425,331,174,691,1912,1598,1650,977,-2060,1426,7411,1133,-24,-2106,4264,4688
Kalix,-786,52,121,737,-654,-638,-1061,978,164,127,-63,-184,1768,1349,1101,1001,102,433,2080,4630,498,1784,3094,3907
overtornea,683,-152,27,-251,-934,1238,714,2080,2015,641,-312,886,4174,1117,2464,1032,5106,2077,701,461,1910,1773,3267,10952
Pajala,-1660,-1215,-278,11,-1259,-1415,247,260,189,105,124,438,252,624,657,66,-1626,-247,1554,1195,1071,912,6114,5799
Gallivare,-2374,-8756,-481,-1630,1263,1900,1206,4494,1036,1547,1248,2290,2449,1406,1826,4477,25481,-2758,3362,108598,983,1971,-3010,4445
Alvsbyn,838,-4164,687,-431,-429,-2204,-779,2665,1131,890,387,641,1079,900,1346,1471,110,0,1454,4245,-5,-2806,2300,4624
Lulea,2192,1526,1092,143,-91,-607,372,878,1258,529,231,1600,987,1368,1219,1133,323,3827,1863,5961,1018,2216,4523,3964
Pitea,588,-9,391,5758,490,169,6,421,1144,1062,892,574,888,603,987,1400,511,762,892,1159,1586,2111,3420,4351
Boden,488,-1199,-2641,851,943,-515,-328,225,7851,536,-667,1308,1514,294,1522,1172,74,1406,2264,1565,-533,-1047,238,1179
Haparanda,-736,-4735,-4984,-577,833,838,374,832,2124,4715,504,561,2234,760,368,971,998,2433,1702,2031,4248,3143,3885,5241
Kiruna,-654,-2030,187,-270,-1152,-432,697,1571,1253,1483,17,680,1066,3778,570,-2495,14696,97493,34,2831,26639,5593,12689,37303
